month,state,permit,permit_recheck,handgun,long_gun,other,multiple,admin,prepawn_handgun,prepawn_long_gun,prepawn_other,redemption_handgun,redemption_long_gun,redemption_other,returned_handgun,returned_long_gun,returned_other,rentals_handgun,rentals_long_gun,private_sale_handgun,private_sale_long_gun,private_sale_other,return_to_seller_handgun,return_to_seller_long_gun,return_to_seller_other,totals
2019-07,Alabama,33116,865,8711,5851,410,353,0,19,14,1,1525,854,4,0,0,0,0,0,20,9,4,0,1,0,51757
2019-07,Alaska,167,24,2172,2139,247,151,0,0,0,0,173,147,1,26,22,0,0,0,11,15,2,1,0,0,5298
2019-07,Arizona,5181,489,11005,5995,1203,651,0,18,3,2,1137,485,4,113,9,0,0,0,13,12,5,0,0,0,26325
2019-07,Arkansas,2687,645,4049,3487,289,305,5,8,17,1,1097,1077,3,0,0,0,0,0,5,8,1,0,0,0,13684
2019-07,California,27930,0,30400,20830,3485,0,6259,0,0,0,382,242,4,0,0,0,0,0,0,0,0,0,0,0,89532
2019-07,Colorado,6156,0,15550,9601,1238,916,1,0,0,0,0,0,0,292,57,1,0,0,0,0,0,0,0,0,33812
2019-07,Connecticut,6838,477,4235,1403,409,0,0,0,0,0,0,0,0,0,0,0,0,0,0,0,0,0,0,0,13362
2019-07,Delaware,227,0,1410,936,107,65,0,2,3,0,12,9,0,41,0,3,0,0,40,12,3,2,1,0,2873
2019-07,District of Columbia,250,0,105,4,0,3,0,0,0,0,0,0,0,0,0,13,0,0,0,0,0,0,0,0,375
2019-07,Florida,14674,0,43914,13570,3307,1968,3,27,10,0,3953,1027,12,1006,116,6,0,0,212,108,29,43,39,0,84024
2019-07,Georgia,16348,0,9663,5261,476,394,0,22,7,1,1663,917,5,2,2,0,0,0,19,6,1,0,0,0,34787
2019-07,Guam,0,0,121,57,14,8,0,0,0,0,0,0,0,0,0,0,0,0,0,0,0,0,0,0,200
2019-07,Hawaii,1040,0,0,0,0,0,0,0,0,0,0,0,0,2,3,0,0,0,0,0,0,0,0,0,1045
2019-07,Idaho,11449,0,3504,3341,311,179,0,8,9,1,364,401,0,42,9,6,0,0,4,8,0,0,1,0,19637
2019-07,Illinois,10764,405293,15782,6889,0,730,0,0,0,0,0,0,0,0,0,0,0,0,0,0,0,0,0,0,439458
2019-07,Indiana,534,36096,13982,7568,1225,583,26,8,6,1,609,359,22,24,2,1,0,0,50,35,6,0,2,0,61139
2019-07,Iowa,3935,6072,113,1264,29,4,0,0,1,0,2,41,0,32,10,0,0,0,1,3,0,0,0,0,11507
2019-07,Kansas,1635,3,4255,3203,417,260,0,11,1,1,548,246,6,41,14,2,0,0,9,6,3,0,1,0,10662
2019-07,Kentucky,1627,301200,8059,4658,370,451,0,34,14,1,1680,1115,1,17,14,0,0,0,21,7,0,0,1,0,319270
2019-07,Louisiana,1781,119,7646,5110,624,399,0,7,4,1,1066,597,6,1,0,0,0,0,13,7,1,2,1,0,17385
2019-07,Maine,412,3,2322,2161,190,135,2,0,1,0,80,96,1,22,6,0,0,0,2,3,0,1,0,0,5437
2019-07,Mariana Islands,0,0,5,8,0,0,0,0,0,0,0,0,0,0,0,0,0,0,0,0,0,0,0,0,13
2019-07,Maryland,3248,17,3082,3162,84,50,0,4,3,0,71,92,0,35,14,0,0,0,0,23,0,4,2,0,9891
2019-07,Massachusetts,9084,0,3711,1886,387,132,7,0,0,1,12,2,0,0,0,0,0,0,19,20,8,3,0,0,15272
2019-07,Michigan,17643,8,7396,5571,538,164,0,0,0,0,8,174,0,65,16,1,0,0,11,12,0,0,0,0,31607
2019-07,Minnesota,7939,19570,6938,6575,610,289,0,4,5,0,205,236,3,47,14,3,0,0,6,8,2,0,0,0,42454
2019-07,Mississippi,1694,0,5769,3476,313,302,0,16,11,1,1474,829,1,5,1,0,0,0,16,5,2,1,2,0,13918
2019-07,Missouri,2602,0,14131,10224,1249,787,0,13,10,1,1434,819,12,254,26,4,0,0,38,17,2,3,1,0,31627
2019-07,Montana,1018,0,2615,3045,192,209,10,5,6,0,404,567,1,24,5,3,0,0,3,1,0,0,1,1,8110
2019-07,Nebraska,2736,77,80,1047,19,1,0,0,0,0,8,38,0,28,10,0,0,0,0,0,0,0,0,0,4044
2019-07,Nevada,1917,0,3852,1891,313,240,0,0,0,0,299,104,0,2,0,0,0,0,13,4,0,0,0,0,8635
2019-07,New Hampshire,1169,0,3874,1996,217,0,81,0,15,0,0,13,0,63,8,3,0,0,0,0,0,0,0,0,7439
2019-07,New Jersey,0,0,4160,2590,211,0,0,0,0,0,0,0,0,1,0,0,0,0,53,31,1,1,0,1,7049
2019-07,New Mexico,777,0,5219,3365,458,379,0,9,11,0,404,417,0,54,0,0,0,0,16,14,2,3,0,0,11128
2019-07,New York,3060,2435,7051,8051,1055,214,0,0,1,0,26,30,0,31,66,1,1,4,245,175,12,4,8,1,22471
2019-07,North Carolina,22769,118,1265,7650,806,185,0,13,16,1,1870,1358,12,500,85,12,7,5,7,10,2,1,2,0,36694
2019-07,North Dakota,302,0,1219,1942,111,72,13,3,1,0,37,76,2,1,0,0,0,0,9,5,1,0,0,0,3794
2019-07,Ohio,10259,116,15931,9342,1203,748,1,10,3,2,990,436,10,67,13,12,0,0,36,22,3,2,0,0,39206
2019-07,Oklahoma,3249,0,8752,5997,923,779,11,9,11,0,1676,1290,8,0,0,0,0,0,28,12,7,1,1,0,22754
2019-07,Oregon,4178,765,11746,7572,0,6,3,0,0,0,0,0,0,164,59,0,0,0,0,0,0,0,0,0,24493
2019-07,Pennsylvania,21201,0,33850,10017,27,0,242,0,0,0,0,0,0,625,89,1,0,0,0,0,0,0,0,0,66052
2019-07,Puerto Rico,0,0,1958,192,119,28,0,1,0,0,16,3,0,0,0,0,0,0,0,0,0,0,0,0,2317
2019-07,Rhode Island,0,0,788,479,73,125,0,0,0,0,3,2,0,27,49,1,0,0,7,2,0,2,3,0,1561
2019-07,South Carolina,8181,216,7274,3667,696,331,1,18,7,0,884,410,5,172,10,0,0,0,7,6,1,0,0,0,21886
2019-07,South Dakota,478,0,2057,2214,159,106,0,2,0,0,152,145,2,0,0,0,0,0,2,5,1,0,0,0,5323
2019-07,Tennessee,12773,1,19494,10191,1116,0,0,0,0,0,0,0,0,64,8,0,0,0,0,0,0,0,0,0,43647
2019-07,Texas,21477,0,34215,21520,3002,1887,2,71,46,5,5676,3098,34,63,4,0,0,0,43,32,5,1,1,1,91183
2019-07,Utah,14092,55855,2558,2495,269,0,0,1,1,1,265,248,0,152,49,16,0,0,0,0,0,0,0,0,76002
2019-07,Vermont,0,0,1005,978,122,62,5,0,0,0,3,3,0,0,0,0,0,0,1,4,0,0,0,0,2183
2019-07,Virgin Islands,25,0,45,5,0,0,0,0,0,0,0,0,0,0,0,0,0,0,0,0,0,0,0,0,75
2019-07,Virginia,670,151,19139,9731,2757,0,0,0,0,0,0,0,0,56,8,1,0,0,0,0,0,0,0,0,32513
2019-07,Washington,13468,217,12636,5788,2716,39,14,1,150,7,256,693,20,638,170,17,0,0,327,211,66,2,3,0,37439
2019-07,West Virginia,1951,84,4289,3610,229,292,0,8,6,1,958,823,1,10,0,1,0,0,18,6,0,2,0,0,12289
2019-07,Wisconsin,6733,541,9938,6714,746,48,0,0,0,5,126,184,3,94,32,0,0,0,0,6,0,0,0,0,25170
2019-07,Wyoming,790,7,1528,1587,136,101,1,5,2,0,144,161,2,0,0,0,0,0,1,2,0,0,2,0,4469
2019-06,Alabama,28449,499,6947,4521,298,432,0,19,14,2,1004,686,4,0,0,0,0,0,10,11,1,0,0,1,42898
2019-06,Alaska,251,6,2465,2000,239,182,0,0,0,0,202,130,3,29,22,0,0,0,14,12,2,0,0,0,5557
2019-06,Arizona,5371,438,11375,5931,1309,656,0,14,6,1,1059,442,5,97,11,4,0,0,13,7,5,2,0,0,26746
2019-06,Arkansas,2690,559,4653,3214,292,458,8,11,14,0,978,1055,2,0,0,0,0,0,9,10,1,0,2,0,13956
2019-06,California,39303,0,38712,27050,4856,0,5040,0,0,0,578,437,11,0,0,0,0,0,0,0,0,0,0,0,115987
2019-06,Colorado,5983,0,16013,10215,1360,913,0,0,0,0,0,0,0,250,39,0,0,0,0,0,0,0,0,0,34773
2019-06,Connecticut,7368,395,4296,1449,533,0,0,0,0,0,0,0,0,0,0,0,0,0,0,0,0,0,0,0,14041
2019-06,Delaware,610,0,1364,907,122,45,0,1,1,0,13,7,0,65,0,0,0,0,39,22,4,1,3,0,3204
2019-06,District of Columbia,172,0,113,3,0,2,1,0,0,0,0,0,0,0,0,14,0,0,0,0,0,0,0,0,305
2019-06,Florida,15427,0,44378,13576,3642,2484,0,31,13,1,3714,1014,7,876,111,10,0,0,197,108,39,52,49,1,85730
2019-06,Georgia,14858,0,10549,5425,566,780,0,18,7,0,1739,939,14,0,0,0,0,0,10,5,0,0,0,0,34910
2019-06,Guam,0,0,123,46,8,4,0,0,0,0,0,0,0,0,0,0,0,0,0,0,0,0,0,0,181
2019-06,Hawaii,856,0,0,0,0,0,0,0,0,0,0,0,0,0,1,0,0,0,0,0,0,0,0,0,857
2019-06,Idaho,8977,4,3599,3611,367,196,0,7,6,0,346,363,1,33,3,6,0,0,13,6,0,0,3,0,17541
2019-06,Illinois,12246,335793,17041,7321,0,765,0,0,0,0,0,0,0,0,0,0,0,0,0,0,0,0,0,0,373166
2019-06,Indiana,168,247044,15272,7963,1368,705,23,7,4,2,614,349,17,14,0,0,0,0,46,22,36,2,4,0,273660
2019-06,Iowa,3669,5749,117,1299,20,4,0,0,0,0,1,32,0,24,12,3,0,0,0,3,0,0,0,0,10933
2019-06,Kansas,1860,6,4133,2981,453,362,0,2,4,0,514,237,23,27,4,0,0,0,6,7,1,2,0,0,10622
2019-06,Kentucky,150731,202171,8520,4608,384,514,5,23,14,1,1588,995,1,18,19,0,0,0,14,14,1,0,1,0,369622
2019-06,Louisiana,1870,75,7874,4613,673,812,0,11,5,1,960,581,3,0,0,0,0,0,13,15,2,1,0,0,17509
2019-06,Maine,497,5,2616,2091,236,156,2,2,0,0,79,85,1,12,9,0,0,0,12,5,0,0,1,0,5809
2019-06,Mariana Islands,0,0,8,9,1,0,0,0,0,0,0,0,0,0,0,0,0,0,0,0,0,0,0,0,18
2019-06,Maryland,2956,6,3097,3377,98,34,0,3,3,0,59,95,2,57,30,0,0,0,0,21,1,0,0,0,9839
2019-06,Massachusetts,9618,0,4203,1808,406,138,3,0,0,0,2,3,0,0,0,0,0,0,32,18,16,5,4,0,16256
2019-06,Michigan,17211,10,8445,5628,589,163,1,1,7,2,11,166,0,92,31,1,0,0,6,3,2,0,0,0,32369
2019-06,Minnesota,8929,21471,7316,6337,747,335,0,1,2,1,168,258,2,61,9,2,0,0,13,14,0,0,1,0,45667
2019-06,Mississippi,1603,1,5883,3303,286,479,0,19,8,0,1389,817,3,0,0,0,0,0,10,7,0,0,1,0,13809
2019-06,Missouri,2400,0,14970,10263,1443,1105,0,8,1,2,1408,750,9,203,23,3,0,0,53,26,4,2,1,0,32674
2019-06,Montana,1042,1,2644,3130,216,199,12,4,8,0,421,548,2,30,12,0,0,0,1,4,0,1,1,0,8276
2019-06,Nebraska,3085,52,109,1089,16,1,0,0,1,0,5,25,0,24,2,0,0,0,0,2,0,0,0,0,4411
2019-06,Nevada,2056,0,4117,2066,306,264,0,0,0,0,301,121,0,2,1,0,0,0,9,5,0,0,0,0,9248
2019-06,New Hampshire,1175,0,4138,2310,169,1,155,0,3,0,0,4,0,49,5,6,0,0,0,3,0,0,0,0,8018
2019-06,New Jersey,0,0,4273,2652,178,0,0,0,0,0,0,0,0,4,0,0,0,0,64,34,2,0,1,0,7208
2019-06,New Mexico,873,0,5389,3203,530,255,0,4,6,0,395,340,1,49,0,0,0,0,5,5,1,0,0,0,11056
2019-06,New York,2954,2231,7400,9047,1092,191,0,0,2,2,38,44,7,20,53,0,1,5,301,208,21,10,8,1,23636
2019-06,North Carolina,20392,95,1411,7908,894,185,0,15,20,1,1891,1398,14,439,66,17,7,0,6,9,0,0,0,0,34768
2019-06,North Dakota,284,0,1286,1942,114,102,18,2,2,0,64,82,2,2,0,0,0,0,6,5,3,0,0,0,3914
2019-06,Ohio,10121,58,17949,9885,1659,874,0,10,6,2,1006,433,3,45,12,0,0,0,31,22,2,2,2,0,42122
2019-06,Oklahoma,3204,0,9630,5819,1026,1072,20,8,14,3,1655,1171,9,0,0,0,0,0,33,25,10,0,2,0,23701
2019-06,Oregon,4341,477,12046,8124,0,6,1,0,0,0,0,0,0,139,50,1,0,0,0,0,0,0,0,0,25185
2019-06,Pennsylvania,19159,0,36023,10325,27,0,260,0,0,0,0,0,0,533,91,5,0,0,0,0,0,0,0,0,66423
2019-06,Puerto Rico,0,0,2568,193,117,40,0,0,0,0,24,2,1,0,0,0,0,0,0,0,0,0,1,0,2946
2019-06,Rhode Island,0,0,787,499,76,129,0,0,0,0,5,0,0,41,52,0,0,0,11,8,0,0,1,0,1609
2019-06,South Carolina,8068,236,8236,3834,740,652,0,10,4,0,865,383,6,117,7,2,0,0,12,11,2,0,1,0,23186
2019-06,South Dakota,555,0,2162,2237,166,156,0,2,1,1,126,152,2,0,0,0,0,0,3,2,1,0,0,0,5566
2019-06,Tennessee,12748,0,20708,9777,1510,0,0,0,0,0,0,0,0,49,9,1,0,0,0,0,0,0,0,0,44802
2019-06,Texas,25136,0,37592,22608,3351,4335,2,61,46,2,5591,2851,32,59,3,0,0,0,58,19,9,3,2,2,101762
2019-06,Utah,10927,52104,2803,2571,273,0,0,3,3,2,272,254,0,149,50,27,0,0,0,0,0,0,0,0,69438
2019-06,Vermont,0,0,1116,982,101,61,1,0,0,0,4,1,0,0,0,0,0,0,1,2,0,0,0,0,2269
2019-06,Virgin Islands,62,0,38,7,0,2,0,0,0,0,0,0,0,0,0,0,0,0,0,0,0,0,0,0,109
2019-06,Virginia,994,142,20006,9518,2825,0,0,0,0,0,0,0,0,46,12,0,0,0,0,0,0,0,0,0,33543
2019-06,Washington,14966,176,28670,18920,12059,3101,6,18,12,5,1388,1017,34,419,108,10,0,0,1299,993,195,23,16,1,83436
2019-06,West Virginia,1982,0,4894,3738,302,263,0,8,10,0,855,765,0,5,1,1,0,0,11,5,0,0,1,0,12841
2019-06,Wisconsin,8041,537,11174,7388,854,46,0,0,0,9,139,190,4,89,30,2,0,0,0,4,0,0,0,0,28507
2019-06,Wyoming,429,4,1664,1728,160,114,0,2,2,0,136,197,2,0,0,0,0,0,3,6,0,0,0,0,4447
2019-05,Alabama,30221,643,6448,4041,271,342,0,13,11,3,1170,717,4,0,0,0,0,0,14,8,2,0,0,0,43908
2019-05,Alaska,264,6,2716,2440,287,199,0,0,1,0,195,126,0,56,40,0,0,0,25,21,0,0,0,0,6376
2019-05,Arizona,6745,517,11969,5987,1242,724,0,12,4,5,1080,518,6,102,8,1,0,0,19,10,0,0,1,0,28950
2019-05,Arkansas,3582,751,4600,3499,293,421,0,13,5,2,1062,1065,2,0,0,0,0,0,8,11,2,1,0,0,15317
2019-05,California,45237,0,36314,24718,4700,0,0,0,0,0,502,326,19,0,0,0,0,0,0,0,0,0,0,0,111816
2019-05,Colorado,6697,0,16653,10619,1445,1023,0,0,0,0,0,0,0,309,67,1,0,0,0,0,0,0,0,0,36814
2019-05,Connecticut,7367,439,4655,1622,654,0,0,0,0,0,0,0,0,0,0,0,0,0,0,0,0,0,0,0,14737
2019-05,Delaware,642,0,1568,1028,159,90,0,2,1,0,15,7,0,88,0,0,0,0,63,27,0,0,4,0,3694
2019-05,District of Columbia,244,0,142,4,0,4,0,0,0,0,0,0,0,1,0,22,0,0,0,0,0,0,0,0,417
2019-05,Florida,16117,0,45087,14214,3760,2422,3,32,11,0,3781,1109,5,1031,123,5,0,0,239,137,46,41,41,0,88204
2019-05,Georgia,17365,0,10988,5172,558,674,0,28,16,0,1726,888,7,0,0,0,0,0,14,5,1,1,1,0,37444
2019-05,Guam,0,0,102,46,11,3,0,0,0,0,0,0,0,0,0,0,0,0,0,0,0,0,0,1,163
2019-05,Hawaii,1100,2,0,0,0,0,0,0,0,0,0,0,0,1,2,0,0,0,0,0,0,0,0,0,1105
2019-05,Idaho,8651,1,3738,3728,359,243,0,6,5,0,367,410,0,27,7,5,0,0,7,10,1,0,0,0,17565
2019-05,Illinois,13168,342314,17976,7587,0,726,0,0,0,0,0,0,0,0,0,0,0,0,0,0,0,0,0,0,381771
2019-05,Indiana,110,266081,15062,8146,1431,619,22,3,3,1,577,375,19,24,1,0,0,0,62,29,19,1,2,0,292587
2019-05,Iowa,4762,6379,115,1471,27,1,1,0,1,0,2,37,1,36,10,4,0,0,0,2,1,0,0,0,12850
2019-05,Kansas,1915,1,4466,3391,462,407,0,13,1,0,558,258,12,24,3,0,0,0,18,7,1,0,1,0,11538
2019-05,Kentucky,315756,0,7899,4585,343,511,2,17,13,0,1765,1135,2,3,2,0,0,0,21,19,1,1,1,0,332076
2019-05,Louisiana,2565,103,8327,5074,724,768,0,5,3,0,1059,615,4,0,0,0,0,0,17,7,1,1,1,0,19274
2019-05,Maine,576,8,2886,2285,331,192,1,0,0,0,98,112,0,17,33,0,0,0,2,9,1,0,1,0,6552
2019-05,Mariana Islands,0,0,7,7,2,1,0,0,0,0,0,0,0,0,0,0,0,0,0,0,0,0,0,0,17
2019-05,Maryland,3475,0,3385,3645,89,25,0,3,5,0,65,103,0,58,26,0,0,0,0,23,0,1,1,0,10904
2019-05,Massachusetts,11447,0,3759,2113,437,182,1,0,0,0,0,6,0,0,0,0,0,0,31,25,5,0,1,0,18007
2019-05,Michigan,19176,9,9057,5984,602,196,0,0,3,0,11,214,2,78,5,0,0,0,11,3,0,0,0,1,35352
2019-05,Minnesota,11487,26988,8570,7754,809,378,0,2,3,1,201,275,2,47,14,1,0,0,14,15,2,0,1,0,56564
2019-05,Mississippi,1613,0,6614,3553,353,495,0,25,9,2,1643,868,2,0,0,0,0,0,7,5,1,0,0,0,15190
2019-05,Missouri,2492,0,15869,10448,1452,1048,0,14,9,5,1563,783,9,300,34,2,0,0,48,25,10,2,1,0,34114
2019-05,Montana,1091,0,2747,3255,222,203,10,2,5,0,374,637,1,38,9,4,0,0,1,3,0,0,1,0,8603
2019-05,Nebraska,3146,85,67,1089,22,4,0,0,0,0,9,41,0,30,0,0,0,0,0,2,0,0,0,0,4495
2019-05,Nevada,2535,0,4128,2161,281,254,2,0,0,0,308,97,1,0,0,0,0,0,0,1,0,1,0,0,9769
2019-05,New Hampshire,1291,0,4079,2328,205,1,194,0,9,0,0,9,0,64,6,6,0,0,0,1,0,0,0,0,8193
2019-05,New Jersey,0,0,4791,2545,219,0,0,0,0,0,0,0,0,0,0,0,0,0,90,45,1,1,1,0,7693
2019-05,New Mexico,1286,0,5564,3361,530,292,0,5,2,1,409,344,2,50,0,0,0,0,7,3,0,0,0,0,11856
2019-05,New York,3240,2861,8260,10090,1296,206,0,1,0,1,35,30,6,37,63,0,3,4,309,257,14,6,10,2,26731
2019-05,North Carolina,24202,141,1312,7798,989,180,0,9,22,0,1925,1443,11,467,95,24,4,5,0,7,2,0,1,0,38637
2019-05,North Dakota,468,0,1436,2033,106,75,12,1,2,0,73,87,0,3,0,0,0,0,6,9,1,0,0,0,4312
2019-05,Ohio,12245,154,17577,9758,1569,864,2,8,7,2,1043,499,3,50,15,1,0,0,27,17,3,2,4,0,43850
2019-05,Oklahoma,3048,0,9704,6112,1055,1008,529,15,11,0,1812,1262,7,0,0,0,0,0,26,21,15,1,1,0,24627
2019-05,Oregon,5465,512,12305,8465,0,10,5,0,0,0,0,0,0,155,52,1,0,0,0,0,0,0,0,0,26970
2019-05,Pennsylvania,22289,0,38050,10807,13,0,294,0,0,0,0,0,0,683,107,1,0,0,0,0,0,0,0,0,72244
2019-05,Puerto Rico,0,0,2266,188,153,23,0,1,1,0,15,4,0,0,0,0,0,0,0,0,0,1,1,0,2653
2019-05,Rhode Island,0,0,941,515,96,169,0,0,0,0,8,0,0,17,40,3,0,0,15,7,0,1,1,0,1813
2019-05,South Carolina,9850,167,8332,3531,843,631,0,14,3,0,975,435,4,147,7,2,0,0,19,12,3,1,0,1,24977
2019-05,South Dakota,650,0,2148,2383,187,118,0,2,6,0,128,166,1,0,0,0,0,0,1,2,0,0,0,0,5792
2019-05,Tennessee,12526,0,20921,9885,1522,0,0,0,0,0,0,0,0,52,6,1,0,0,0,0,0,0,0,0,44913
2019-05,Texas,28928,0,38714,23587,3118,3993,0,72,42,3,6010,3122,39,49,6,0,0,0,43,24,8,2,3,0,107763
2019-05,Utah,19931,50188,3045,2849,289,0,0,3,0,0,249,277,0,150,52,25,0,0,0,0,0,0,0,0,77058
2019-05,Vermont,0,0,1333,1138,111,61,6,0,0,0,1,2,1,0,0,0,0,0,4,2,0,0,0,0,2659
2019-05,Virgin Islands,60,0,27,4,0,0,0,0,0,0,0,0,0,0,0,0,0,0,0,0,0,0,0,0,91
2019-05,Virginia,1205,53,17935,8821,2454,0,0,0,0,0,0,0,0,43,4,0,0,0,0,0,0,0,0,0,30515
2019-05,Washington,13988,147,18141,11217,4250,1202,3,17,12,3,1150,850,12,567,101,9,0,0,825,543,60,12,14,2,53125
2019-05,West Virginia,2223,0,4787,3700,278,313,1,9,2,1,937,888,1,14,1,2,0,0,9,7,0,0,0,0,13173
2019-05,Wisconsin,7840,536,11997,8512,948,56,0,0,3,9,119,158,3,88,31,4,0,0,0,3,0,0,0,0,30307
2019-05,Wyoming,639,2,1740,1828,150,108,0,2,3,0,139,167,0,0,0,0,0,0,1,14,0,0,0,0,4793
2019-04,Alabama,26958,666,6747,4538,265,240,0,6,15,0,972,722,2,0,0,0,0,0,9,2,3,0,0,1,41146
2019-04,Alaska,243,10,2704,2605,323,215,0,1,1,1,185,138,1,24,21,0,0,0,16,17,0,0,0,0,6505
2019-04,Arizona,6120,509,12985,6750,1280,731,0,10,8,2,1130,548,3,107,10,1,0,0,19,8,1,0,0,0,30222
2019-04,Arkansas,3373,843,4951,4060,319,303,3,10,12,0,905,1012,3,0,0,0,0,0,8,9,1,0,0,0,15812
2019-04,California,46004,0,37484,25895,4204,0,0,0,0,0,536,336,7,0,0,0,0,0,0,0,0,0,0,0,114466
2019-04,Colorado,7612,0,17199,11594,1470,1141,0,0,0,0,0,0,0,342,71,4,0,0,0,0,0,0,0,0,39433
2019-04,Connecticut,8167,485,4775,1792,500,0,7,0,0,0,0,0,0,0,0,0,0,0,0,0,0,0,0,0,15726
2019-04,Delaware,519,0,1687,1146,132,116,0,1,1,0,9,8,2,88,0,0,0,0,60,27,9,0,2,0,3807
2019-04,District of Columbia,282,0,122,1,0,2,0,0,0,0,0,0,0,0,0,2,0,0,0,0,0,0,0,0,409
2019-04,Florida,18613,0,48329,15125,3652,2130,3,36,23,0,3279,1049,7,908,84,1,0,0,212,107,49,42,44,0,93693
2019-04,Georgia,19573,0,12049,5798,608,438,0,12,14,3,1570,853,7,2,0,0,0,0,9,8,4,2,2,0,40952
2019-04,Guam,0,0,88,46,11,5,0,0,0,0,0,0,0,0,0,0,0,0,0,0,0,0,0,0,150
2019-04,Hawaii,1207,0,0,0,0,0,0,0,0,0,0,0,0,2,3,0,0,0,0,0,0,0,0,0,1212
2019-04,Idaho,6608,2,3865,4118,379,238,0,2,5,0,322,381,2,48,9,9,0,0,7,7,0,0,1,1,16004
2019-04,Illinois,14158,360461,21307,8748,0,790,0,0,0,0,0,0,0,0,0,0,0,0,0,0,0,0,0,0,405464
2019-04,Indiana,41080,33562,18528,9718,1493,686,22,8,7,0,498,372,16,22,0,0,0,0,37,30,16,0,1,0,106096
2019-04,Iowa,5933,7113,200,1761,41,4,0,0,0,0,1,49,3,25,12,0,0,0,0,2,0,0,0,0,15144
2019-04,Kansas,1739,4,4737,3858,433,296,0,12,4,2,499,284,12,28,6,0,0,0,15,2,1,0,1,0,11933
2019-04,Kentucky,361715,0,10133,5989,390,452,4,18,12,1,1462,1167,2,10,5,0,0,0,24,23,2,1,1,0,381411
2019-04,Louisiana,2285,89,9196,5330,709,432,0,14,2,1,953,596,3,0,0,0,0,0,30,7,1,2,0,0,19650
2019-04,Maine,652,9,3134,2819,327,169,1,1,0,0,102,108,0,28,9,1,0,0,3,8,0,1,3,0,7375
2019-04,Mariana Islands,0,0,6,6,0,3,0,0,0,0,0,0,0,0,0,0,0,0,0,0,0,0,0,0,15
2019-04,Maryland,3839,0,3759,4478,120,35,0,1,2,0,57,106,2,63,17,0,0,0,0,23,34,0,1,0,12537
2019-04,Massachusetts,10866,4,3846,2280,455,175,6,0,0,0,5,5,0,0,0,0,0,0,48,40,6,2,0,0,17738
2019-04,Michigan,21511,16,10368,7277,798,229,3,1,3,0,7,229,0,89,12,0,0,0,7,17,2,0,0,1,40570
2019-04,Minnesota,15173,32947,10655,11570,1007,809,0,2,2,0,192,256,3,40,19,1,0,0,19,22,3,0,0,0,72720
2019-04,Mississippi,1831,0,7199,3936,341,305,0,28,9,2,1375,840,5,0,0,0,0,0,12,7,4,0,0,0,15894
2019-04,Missouri,2835,0,15972,12020,1478,943,0,13,8,1,1310,853,2,249,37,5,0,0,54,35,7,2,1,0,35825
2019-04,Montana,1417,0,2815,3704,242,266,10,2,7,0,359,557,1,25,5,2,0,0,4,3,0,0,0,0,9419
2019-04,Nebraska,3650,98,84,1318,20,5,0,0,0,0,3,39,0,46,3,0,0,0,0,1,0,0,0,0,5267
2019-04,Nevada,2524,0,4502,2535,315,258,0,0,1,0,283,104,1,1,0,0,0,0,0,0,0,0,0,0,10524
2019-04,New Hampshire,1312,0,4747,2873,207,3,128,0,17,0,0,12,0,75,5,10,0,0,0,0,0,0,0,0,9389
2019-04,New Jersey,0,0,4819,2982,213,0,0,0,0,0,0,0,0,3,0,0,0,0,91,57,2,1,2,3,8173
2019-04,New Mexico,943,0,5808,3936,609,323,0,7,6,0,391,415,0,39,0,0,0,0,4,2,0,0,0,0,12483
2019-04,New York,3926,2835,8971,12724,1521,230,0,2,2,3,56,54,5,31,66,0,3,2,321,370,13,6,13,0,31154
2019-04,North Carolina,27292,236,1487,8892,980,184,0,16,10,1,1567,1376,11,464,70,28,7,5,2,18,1,1,3,0,42651
2019-04,North Dakota,438,0,1743,2524,131,99,14,3,4,0,66,89,0,2,1,0,0,0,10,10,1,0,0,0,5135
2019-04,Ohio,14338,202,22541,11994,2104,963,0,14,7,4,1021,517,5,42,6,4,0,0,25,21,6,2,2,1,53819
2019-04,Oklahoma,3558,0,10608,7199,1334,888,10,16,11,1,1593,1246,5,0,0,0,0,0,28,19,6,3,3,0,26528
2019-04,Oregon,6320,524,13360,9875,0,11,2,0,0,0,0,0,0,138,66,3,0,0,0,0,0,0,0,0,30299
2019-04,Pennsylvania,24075,0,42418,12300,32,0,346,0,0,0,0,0,0,591,89,2,0,0,0,0,0,0,0,0,79853
2019-04,Puerto Rico,0,0,2135,162,91,17,0,0,0,0,19,3,0,0,0,0,0,0,0,0,0,0,0,0,2427
2019-04,Rhode Island,0,0,995,742,115,205,0,0,0,0,4,1,0,37,56,2,0,0,12,4,0,1,1,0,2175
2019-04,South Carolina,8347,286,9362,4050,702,369,1,8,10,0,843,438,1,163,5,1,0,0,14,7,0,0,0,0,24607
2019-04,South Dakota,706,0,2360,2870,193,172,0,1,5,0,109,148,3,0,0,0,0,0,5,8,0,0,1,0,6581
2019-04,Tennessee,14849,0,21848,10619,1224,0,0,0,0,0,0,0,0,75,9,0,0,0,0,0,0,0,0,0,48624
2019-04,Texas,28638,0,38994,24009,3451,2167,0,72,44,5,5349,3193,35,72,2,0,0,0,45,29,7,0,0,0,106112
2019-04,Utah,16689,52805,3365,3235,361,0,0,6,3,1,240,255,2,179,49,73,0,0,0,0,0,0,0,0,77263
2019-04,Vermont,0,0,1518,1485,122,91,0,0,0,0,6,6,0,0,0,0,0,0,3,4,1,0,0,0,3236
2019-04,Virgin Islands,82,0,24,5,1,2,0,0,0,0,0,0,0,0,0,0,0,0,0,0,0,0,0,0,114
2019-04,Virginia,1262,69,20270,10699,2692,0,1,0,0,0,0,0,0,50,9,0,0,0,0,0,0,0,0,0,35052
2019-04,Washington,16452,88,17631,10844,3139,873,12,17,14,2,1071,815,15,545,108,8,0,0,851,729,93,56,14,0,53377
2019-04,West Virginia,2635,0,5819,4822,318,310,3,4,6,0,784,835,1,25,0,0,0,0,13,8,0,0,0,0,15583
2019-04,Wisconsin,9159,650,14617,12535,1127,52,0,0,0,2,109,163,7,87,39,5,0,0,0,9,0,0,0,0,38561
2019-04,Wyoming,459,14,1888,1906,153,136,0,1,4,0,106,146,5,0,0,0,0,0,2,0,0,1,0,0,4821
2019-03,Alabama,31811,619,9991,6439,348,360,0,19,7,0,1257,1046,6,0,0,0,0,0,11,7,1,1,0,0,51923
2019-03,Alaska,173,4,3117,2844,355,233,0,0,1,0,197,159,1,19,15,0,0,0,11,7,0,0,0,0,7136
2019-03,Arizona,7564,484,15993,8497,1422,947,0,14,13,1,1476,782,8,103,5,2,0,0,18,8,2,0,1,0,37340
2019-03,Arkansas,3605,1179,7948,5821,467,415,32,19,20,0,1213,1499,4,0,0,0,0,0,8,13,2,0,1,0,22246
2019-03,California,46812,0,42551,28146,4299,0,1,0,0,0,724,504,19,0,0,0,0,0,0,0,0,0,0,0,123056
2019-03,Colorado,7183,0,22511,13791,1720,1371,0,0,0,0,0,0,0,271,68,0,0,0,0,0,0,0,0,0,46915
2019-03,Connecticut,8604,434,6189,2344,789,0,2,0,0,0,0,0,0,0,0,0,0,0,0,0,0,0,0,0,18362
2019-03,Delaware,647,0,2407,1377,170,108,0,0,2,0,16,12,0,130,0,0,0,0,72,28,15,0,1,0,4985
2019-03,District of Columbia,300,0,112,5,0,0,0,0,0,0,0,0,0,0,0,0,0,0,0,0,0,0,0,0,417
2019-03,Florida,21078,0,59615,19429,3869,2526,0,41,29,1,4390,1458,9,948,117,2,0,0,245,118,46,49,30,1,114001
2019-03,Georgia,23338,0,19228,9131,784,713,0,22,21,1,2131,1401,8,7,0,0,0,0,13,4,2,0,0,0,56804
2019-03,Guam,0,0,123,53,13,6,0,0,0,0,0,0,0,0,0,0,0,0,0,0,0,0,0,0,195
2019-03,Hawaii,1126,0,0,0,0,0,0,0,0,0,0,0,0,1,2,0,0,0,0,0,0,0,0,0,1129
2019-03,Idaho,5908,1,5362,5161,502,334,1,10,11,1,415,532,0,36,16,3,0,0,9,9,1,2,0,0,18314
2019-03,Illinois,18595,313540,29438,13143,0,1302,0,0,0,0,0,0,0,0,0,0,0,0,0,0,0,0,0,0,376018
2019-03,Indiana,44867,8962,26630,13737,2005,985,14,10,10,0,608,525,17,15,0,1,0,0,93,57,54,4,3,0,98597
2019-03,Iowa,6953,9778,204,3014,55,5,13,0,0,0,5,48,0,25,4,1,0,0,0,3,0,0,0,0,20108
2019-03,Kansas,1688,3,7807,5590,693,415,0,6,1,5,702,372,4,28,6,0,0,0,9,23,1,0,0,0,17353
2019-03,Kentucky,350354,0,15646,8110,534,781,5,15,24,2,2002,1707,4,13,11,0,0,0,33,26,1,0,0,0,379268
2019-03,Louisiana,2106,83,13050,7148,892,583,0,7,18,1,1107,934,6,0,0,0,0,0,18,10,4,2,1,0,25970
2019-03,Maine,703,1,4191,2992,380,210,2,1,0,0,108,130,5,19,5,1,0,0,10,7,0,0,1,0,8766
2019-03,Mariana Islands,0,0,8,8,2,0,0,0,0,0,0,0,0,0,0,0,0,0,0,0,0,0,0,0,18
2019-03,Maryland,4123,0,4288,6080,138,42,0,4,1,0,70,168,1,50,34,1,0,0,0,24,54,3,2,0,15083
2019-03,Massachusetts,11470,0,5079,3151,644,219,4,0,0,0,4,4,0,0,1,0,0,0,41,41,8,2,2,0,20670
2019-03,Michigan,24361,11,15403,10260,903,286,0,2,2,0,10,287,0,130,8,3,0,0,12,19,0,0,1,0,51698
2019-03,Minnesota,14888,33917,12098,11981,1307,538,0,0,4,0,195,343,4,28,17,2,0,0,23,38,2,0,0,1,75386
2019-03,Mississippi,1963,0,11180,6116,430,460,1,14,12,1,1653,1228,2,0,0,0,0,0,14,9,7,0,0,0,23090
2019-03,Missouri,3000,0,23939,17749,2160,1449,0,14,9,1,1550,1156,5,261,35,2,0,0,83,58,8,3,4,1,51487
2019-03,Montana,1290,0,3703,4218,351,310,8,3,6,0,479,728,2,27,4,2,0,0,6,6,0,0,0,0,11143
2019-03,Nebraska,4576,124,146,1913,27,5,0,0,0,1,2,63,0,11,3,0,0,0,0,7,0,0,0,0,6878
2019-03,Nevada,2657,0,6661,3114,446,393,0,0,0,0,406,178,1,0,0,0,0,0,0,0,0,0,0,0,13856
2019-03,New Hampshire,1508,0,6297,3374,254,0,160,0,18,0,0,13,0,49,3,8,0,0,0,0,0,0,0,0,11684
2019-03,New Jersey,0,0,4579,3446,226,0,0,0,0,0,0,0,0,7,0,0,0,0,85,63,2,1,0,1,8410
2019-03,New Mexico,881,0,8137,5252,784,558,0,8,6,1,526,653,0,38,0,0,0,0,4,2,0,0,0,0,16850
2019-03,New York,3949,2328,10834,14996,1751,260,0,1,2,2,55,34,6,20,62,0,4,6,334,321,20,13,6,0,35004
2019-03,North Carolina,32987,84,1931,12758,1249,290,0,15,14,4,2193,1898,10,346,77,9,9,4,5,11,2,0,0,0,53896
2019-03,North Dakota,514,0,2191,2783,158,106,4,0,0,0,84,132,2,0,0,0,0,0,6,9,1,0,0,0,5990
2019-03,Ohio,16273,374,31090,17313,2208,1358,0,20,8,0,1286,750,11,42,12,8,0,0,42,25,4,2,0,0,70826
2019-03,Oklahoma,3941,0,15423,9896,1416,1167,8,21,11,2,2054,1681,10,0,0,0,0,0,39,24,8,0,3,0,35704
2019-03,Oregon,5960,425,17208,12161,0,7,3,0,0,0,0,0,0,134,49,2,0,0,0,0,0,0,0,0,35949
2019-03,Pennsylvania,27864,0,60068,16921,29,0,300,0,0,0,1,0,0,576,133,0,0,0,0,0,0,0,0,0,105892
2019-03,Puerto Rico,0,0,2238,157,98,31,0,0,0,2,23,3,0,0,0,0,0,0,0,1,0,0,1,0,2554
2019-03,Rhode Island,0,0,1201,858,159,268,0,0,0,0,3,0,0,41,80,2,0,0,15,9,2,0,2,0,2640
2019-03,South Carolina,9467,116,13957,6268,843,821,0,10,5,0,1025,645,4,117,11,1,0,0,14,6,0,0,1,1,33312
2019-03,South Dakota,682,0,3274,3450,228,215,0,0,2,1,126,187,0,0,0,0,0,0,2,6,1,0,0,0,8174
2019-03,Tennessee,19094,0,30728,15086,1463,0,5,0,0,0,0,0,0,50,7,0,0,0,0,0,0,0,0,0,66433
2019-03,Texas,34837,0,55222,31747,4092,2938,63,87,44,5,7415,4358,47,63,7,0,0,0,65,57,6,3,0,0,141056
2019-03,Utah,18552,53588,4876,4081,393,0,0,3,6,2,281,378,1,156,50,31,0,0,0,0,0,0,0,0,82398
2019-03,Vermont,0,0,2043,1693,220,82,1,0,0,0,6,2,1,0,0,0,0,0,2,4,0,0,0,0,4054
2019-03,Virgin Islands,109,0,28,3,0,0,0,0,0,0,0,0,0,0,0,0,0,0,0,0,0,0,0,0,140
2019-03,Virginia,1221,100,29043,14550,3547,0,0,0,0,0,0,0,0,54,12,0,0,0,0,0,0,0,0,0,48527
2019-03,Washington,18082,94,21158,13211,3329,998,6,19,21,2,1288,1053,19,518,82,14,0,0,1012,776,87,34,9,0,61812
2019-03,West Virginia,2939,0,8633,6778,469,538,4,14,8,0,1165,1278,4,1,2,2,0,0,13,11,0,0,0,0,21859
2019-03,Wisconsin,9950,664,19952,15240,1283,54,0,0,1,4,129,238,11,107,30,0,0,0,0,8,0,0,0,0,47671
2019-03,Wyoming,338,9,2497,2314,199,138,1,0,6,0,148,175,3,1,2,0,0,0,7,42,0,0,0,0,5880
2019-02,Alabama,28831,332,8278,5353,302,451,0,5,13,0,1501,1108,3,0,0,0,0,0,11,14,1,0,0,0,46203
2019-02,Alaska,189,7,2261,1904,276,176,0,2,0,0,199,144,0,26,24,0,0,0,13,11,0,0,0,1,5233
2019-02,Arizona,6444,452,13933,7135,1244,978,0,14,9,2,1704,751,5,62,9,1,0,0,19,8,4,0,1,1,32776
2019-02,Arkansas,2930,789,7144,5251,357,576,22,7,20,0,1460,1714,2,0,0,0,0,0,7,9,1,0,0,0,20289
2019-02,California,33102,0,36424,22506,3932,0,0,0,0,0,608,390,8,0,0,0,0,0,0,0,0,0,0,0,96970
2019-02,Colorado,6987,0,18697,11731,1550,1168,0,0,0,0,0,0,0,273,53,8,0,0,0,0,0,0,0,0,40467
2019-02,Connecticut,6697,412,5459,1818,654,0,0,0,0,0,0,0,0,0,0,0,0,0,0,0,0,0,0,0,15040
2019-02,Delaware,418,0,1698,1208,124,76,0,1,3,1,14,10,2,50,0,0,0,0,51,25,0,1,0,0,3682
2019-02,District of Columbia,267,0,88,4,0,0,0,0,0,0,0,0,0,2,3,0,0,0,0,0,0,0,0,0,364
2019-02,Florida,18437,0,51711,17833,3649,2315,4,50,28,3,4970,1635,6,814,87,3,0,0,220,107,41,45,32,1,101991
2019-02,Georgia,19711,0,16172,7742,680,734,0,26,20,1,2349,1426,10,1,0,0,0,0,16,8,3,0,1,0,48900
2019-02,Guam,0,0,113,51,10,4,0,0,0,0,0,0,0,0,0,0,0,0,0,0,0,0,0,0,178
2019-02,Hawaii,1028,0,0,0,0,0,0,0,0,0,0,0,0,2,2,0,0,0,0,0,0,0,0,0,1032
2019-02,Idaho,7835,0,3887,3548,394,292,0,5,5,2,424,528,3,28,8,2,0,0,3,1,0,0,0,0,16965
2019-02,Illinois,14499,139042,24870,11381,0,1094,0,0,0,0,0,0,0,0,0,0,0,0,0,0,0,0,0,0,190886
2019-02,Indiana,29574,5893,21297,11157,1623,854,12,12,11,2,743,569,27,10,1,0,0,0,59,30,13,3,2,0,71892
2019-02,Iowa,5491,7437,153,1935,60,6,2,0,0,0,2,52,0,23,16,0,0,0,0,2,2,0,0,0,15181
2019-02,Kansas,1909,5,6271,4688,593,467,0,11,8,1,760,444,10,28,11,1,0,0,11,3,1,1,0,1,15224
2019-02,Kentucky,303739,0,12027,7182,443,932,3,40,30,0,2260,1846,8,4,4,0,0,0,26,22,4,1,1,0,328572
2019-02,Louisiana,2491,119,11056,6849,727,637,1,17,12,2,1401,990,5,0,0,0,0,0,15,16,7,0,0,0,24345
2019-02,Maine,673,2,2989,2352,308,163,0,2,2,0,118,135,3,21,15,0,0,0,6,4,0,1,0,0,6794
2019-02,Mariana Islands,0,0,10,7,1,1,0,0,0,0,0,0,0,0,0,0,0,0,0,0,0,0,0,0,19
2019-02,Maryland,3183,0,3822,4613,124,62,0,2,4,1,73,146,1,67,14,0,0,0,0,30,48,0,0,0,12190
2019-02,Massachusetts,11007,0,4359,2428,555,177,5,1,0,0,6,3,0,0,0,0,0,0,37,17,7,2,0,0,18604
2019-02,Michigan,18930,5,11272,7497,702,241,0,0,5,2,6,296,3,85,8,0,0,0,10,11,0,0,0,0,39073
2019-02,Minnesota,9567,24440,7938,7215,889,349,0,3,6,0,226,295,4,22,5,3,0,0,12,8,2,0,0,0,50984
2019-02,Mississippi,1845,0,9790,5717,393,488,0,14,23,1,1996,1393,2,0,0,0,0,0,10,9,0,0,0,0,21681
2019-02,Missouri,2326,0,19884,13773,1688,1308,1,13,7,2,1817,1291,8,233,24,5,0,0,65,46,4,1,6,0,42502
2019-02,Montana,1167,64,2391,2730,254,337,5,4,12,0,466,762,3,19,3,0,0,0,4,3,0,0,0,0,8224
2019-02,Nebraska,4029,81,122,1428,26,2,0,0,1,0,4,53,0,4,5,1,0,0,0,3,0,0,0,0,5759
2019-02,Nevada,2366,0,5541,2524,353,293,0,0,0,0,416,150,0,0,0,0,0,0,0,0,0,0,0,0,11643
2019-02,New Hampshire,1301,0,5793,2713,230,0,97,0,12,0,0,17,0,44,3,1,0,0,0,2,0,0,0,0,10213
2019-02,New Jersey,0,0,3794,2949,174,0,0,0,0,0,0,0,0,0,0,0,0,0,66,42,3,1,1,0,7030
2019-02,New Mexico,814,0,6890,4371,673,620,0,10,15,0,627,663,1,37,0,0,0,0,2,3,0,1,0,0,14727
2019-02,New York,2767,2104,8914,11566,1726,199,0,3,0,0,56,22,15,23,49,0,1,5,285,262,26,12,8,0,28043
2019-02,North Carolina,29866,2,1620,11335,1083,310,0,20,22,2,2628,2209,16,8,0,0,9,11,6,7,0,0,0,0,49154
2019-02,North Dakota,461,0,1514,1981,131,80,7,0,1,0,66,129,3,0,0,0,0,0,37,9,1,0,0,0,4420
2019-02,Ohio,12403,337,25652,13985,1635,1123,0,21,10,0,1485,755,5,44,8,0,0,0,29,20,3,2,1,0,57518
2019-02,Oklahoma,4255,0,13014,8165,1318,1126,11,19,22,2,2279,1862,17,0,0,0,0,0,25,38,9,1,3,0,32166
2019-02,Oregon,4543,370,14214,9428,0,10,0,0,0,0,0,0,0,127,34,0,0,0,0,0,0,0,0,0,28726
2019-02,Pennsylvania,22785,0,47570,13297,17,0,189,0,0,0,0,0,0,591,116,2,0,0,0,0,0,0,0,0,84567
2019-02,Puerto Rico,0,0,2129,154,83,28,0,0,0,0,7,4,0,0,0,0,0,0,0,0,0,0,1,0,2406
2019-02,Rhode Island,0,0,1043,624,134,198,0,0,0,0,2,1,0,32,43,0,0,0,15,7,2,1,3,0,2105
2019-02,South Carolina,7749,85,12375,5724,760,833,2,10,7,0,1374,733,4,123,9,0,0,0,11,10,0,1,1,0,29811
2019-02,South Dakota,663,0,2701,2790,243,187,0,1,3,1,170,216,1,0,0,0,0,0,9,6,0,1,0,0,6992
2019-02,Tennessee,19935,0,27213,14058,1500,0,2,0,0,0,0,0,0,67,10,0,0,0,0,0,0,0,0,0,62785
2019-02,Texas,37469,0,49130,28709,3663,3149,5,88,55,4,8585,4844,45,49,6,0,0,0,67,50,10,1,2,0,135931
2019-02,Utah,14151,5720,3463,3018,317,0,0,1,2,1,351,428,0,136,35,25,0,0,0,0,0,0,0,0,27648
2019-02,Vermont,0,0,1545,1373,163,71,4,1,0,0,4,3,3,0,0,0,0,0,2,3,0,0,0,0,3172
2019-02,Virgin Islands,72,0,46,1,1,0,0,0,0,0,0,0,0,0,0,0,0,0,0,0,0,0,0,0,120
2019-02,Virginia,1094,57,24579,12572,3168,0,0,0,0,0,0,0,0,53,9,0,0,0,0,0,0,0,0,0,41532
2019-02,Washington,13583,31,15775,10106,2927,910,2,26,17,2,1306,1018,18,462,78,2,0,0,750,546,76,27,12,0,47674
2019-02,West Virginia,2455,0,7011,5575,384,677,16,14,10,1,1281,1339,5,12,3,5,0,0,10,10,0,1,1,0,18810
2019-02,Wisconsin,8810,496,13838,9899,1017,62,0,0,0,10,157,222,4,69,21,2,0,0,0,5,0,0,0,0,34612
2019-02,Wyoming,439,11,1900,1791,168,118,0,4,3,0,167,230,4,0,0,0,0,0,2,4,0,0,1,0,4842
2019-01,Alabama,29977,266,6671,5507,343,260,0,14,17,1,1038,861,5,0,0,0,0,0,13,16,0,0,0,0,44989
2019-01,Alaska,249,10,1877,1685,290,139,0,1,0,0,137,104,0,33,34,0,0,0,11,10,2,0,0,0,4582
2019-01,Arizona,6004,533,11710,6865,1255,675,0,12,4,1,1273,567,3,90,11,0,0,0,23,13,0,0,0,0,29039
2019-01,Arkansas,2917,921,5108,5175,401,335,78,13,9,0,1038,1239,3,0,0,0,0,0,8,9,3,0,1,0,17258
2019-01,California,34585,0,35861,23195,4035,0,0,0,0,0,487,335,4,0,0,0,0,0,0,0,0,0,0,0,98502
2019-01,Colorado,7292,0,16417,11575,1796,996,0,0,0,0,0,0,0,357,54,4,0,0,0,0,0,0,0,0,38491
2019-01,Connecticut,7748,475,5368,1945,788,0,0,0,0,0,0,0,0,0,0,0,0,0,0,0,0,0,0,0,16324
2019-01,Delaware,558,0,1684,1473,141,70,0,2,1,0,11,9,0,55,0,0,0,0,73,31,6,3,2,0,4119
2019-01,District of Columbia,253,0,101,5,0,1,0,0,0,0,0,0,0,0,0,0,0,0,0,0,0,0,0,0,360
2019-01,Florida,18964,0,47372,18749,3651,2132,2,58,28,1,3876,1282,10,821,82,3,0,0,212,112,35,57,39,0,97486
2019-01,Georgia,21575,0,11780,7535,670,462,0,9,9,2,1733,1024,8,1,0,0,0,0,16,10,4,0,1,0,44839
2019-01,Guam,0,0,122,42,11,6,0,0,0,0,0,0,0,0,0,0,0,0,0,0,0,0,0,0,181
2019-01,Hawaii,1064,1,0,0,0,0,0,0,0,0,0,0,0,1,2,0,0,0,0,0,0,0,0,0,1068
2019-01,Idaho,5153,12,3522,3602,414,176,0,6,8,1,294,365,0,54,7,0,0,0,5,13,1,0,1,0,13634
2019-01,Illinois,16976,281803,21587,10082,0,877,0,0,0,0,0,0,0,0,0,0,0,0,0,0,0,0,0,0,331325
2019-01,Indiana,107476,21459,17265,10423,1738,681,32,7,2,5,473,410,9,39,2,1,0,0,45,50,19,1,3,0,160140
2019-01,Iowa,6401,7499,128,1887,68,0,3,0,1,0,1,34,0,38,3,3,0,0,0,1,0,0,0,0,16067
2019-01,Kansas,1982,9,5269,4584,688,294,0,9,6,1,549,307,12,26,3,1,0,0,15,10,2,0,0,0,13767
2019-01,Kentucky,290432,0,8170,6213,510,450,4,22,21,1,1492,1202,4,6,6,0,0,0,22,13,4,0,1,0,308573
2019-01,Louisiana,2357,139,8961,7473,844,460,0,19,13,0,952,693,3,0,0,0,0,0,14,16,1,0,0,0,21945
2019-01,Maine,862,9,2652,2333,407,165,0,2,0,0,106,79,6,25,21,0,0,0,8,6,0,0,1,0,6682
2019-01,Mariana Islands,0,0,9,11,4,1,0,0,0,0,0,0,0,0,0,0,0,0,0,0,0,0,0,0,25
2019-01,Maryland,2758,0,4254,4473,100,27,0,8,1,0,79,107,0,78,24,0,0,0,0,23,41,3,0,0,11976
2019-01,Massachusetts,12279,0,4016,2644,574,198,2,0,0,1,6,4,0,0,0,0,0,0,45,29,5,6,3,0,19812
2019-01,Michigan,19011,17,8674,6844,800,175,2,0,3,0,4,196,3,110,17,0,0,0,16,12,0,0,0,0,35884
2019-01,Minnesota,11526,24574,8031,7106,1078,345,0,3,4,1,165,234,4,29,13,0,0,0,15,15,1,0,1,0,53145
2019-01,Mississippi,1777,0,6833,5707,371,305,0,20,13,1,1369,1003,3,0,0,0,0,0,7,5,2,0,0,0,17416
2019-01,Missouri,2194,0,16244,12657,1805,868,0,13,6,1,1418,912,9,301,26,3,0,0,96,83,17,1,3,0,36657
2019-01,Montana,1206,90,2097,2753,278,201,5,6,6,0,336,675,1,24,11,0,0,0,4,2,0,0,0,0,7695
2019-01,Nebraska,4449,255,125,1711,32,3,0,0,0,0,3,42,0,4,9,0,0,0,0,2,0,0,0,0,6635
2019-01,Nevada,2439,0,5001,2386,407,257,0,0,1,0,319,109,0,1,0,0,0,0,0,0,0,0,0,0,10920
2019-01,New Hampshire,1408,0,4672,2529,118,1,312,0,20,0,0,8,0,75,5,5,0,0,0,3,0,0,0,0,9156
2019-01,New Jersey,0,0,3508,3084,170,0,0,0,0,0,0,0,0,0,0,0,0,0,73,52,4,0,1,0,6892
2019-01,New Mexico,979,0,4987,3778,657,289,0,5,4,1,412,405,3,45,0,0,0,0,2,4,0,0,0,0,11571
2019-01,New York,3838,2172,9271,11257,1804,230,0,1,0,1,52,27,8,28,65,2,1,5,321,262,25,8,10,0,29388
2019-01,North Carolina,29088,0,1409,10951,1148,201,0,13,17,1,1846,1508,10,1,0,0,8,5,9,13,0,1,1,0,46230
2019-01,North Dakota,582,0,1425,2015,147,102,7,0,4,0,62,96,2,0,0,0,0,0,7,9,1,0,0,0,4459
2019-01,Ohio,13134,738,19573,12290,1648,828,0,19,5,3,1005,499,1,61,12,1,0,0,24,10,4,0,1,0,49856
2019-01,Oklahoma,4889,0,10411,8202,1419,813,14,18,9,3,1644,1277,18,0,0,0,0,0,32,31,10,2,1,0,28793
2019-01,Oregon,5296,369,13630,9117,0,11,1,0,0,0,0,0,0,160,84,0,0,0,0,0,0,0,0,0,28668
2019-01,Pennsylvania,24429,0,40144,11833,7,0,211,0,0,0,0,0,0,658,138,0,0,0,0,0,0,0,0,0,77420
2019-01,Puerto Rico,0,0,2030,156,111,42,0,0,0,1,21,4,0,0,0,0,0,0,1,0,0,1,1,0,2368
2019-01,Rhode Island,0,0,1054,662,96,167,0,0,0,0,5,1,0,32,52,1,0,0,12,5,2,4,0,0,2093
2019-01,South Carolina,5528,82,9696,5459,824,340,0,10,4,0,953,476,4,124,15,1,0,0,18,12,0,0,0,0,23546
2019-01,South Dakota,1204,0,2154,2808,222,127,0,2,3,0,120,154,0,0,0,0,0,0,1,6,1,0,1,0,6803
2019-01,Tennessee,20155,0,22848,13776,1315,0,0,0,0,0,0,0,0,61,10,2,0,0,0,0,0,0,0,0,58167
2019-01,Texas,37167,0,39240,27842,3727,2179,2,66,43,1,6007,3393,37,48,9,0,0,0,69,58,13,1,0,0,119902
2019-01,Utah,18110,23,3017,2834,344,0,0,3,1,0,229,270,0,162,55,34,0,0,0,0,0,0,0,0,25082
2019-01,Vermont,0,0,1124,1092,133,50,2,0,0,1,3,4,1,0,0,0,0,0,2,5,0,0,0,0,2417
2019-01,Virgin Islands,84,0,41,2,0,0,0,0,0,0,0,0,0,0,0,0,0,0,0,0,0,0,0,0,127
2019-01,Virginia,1061,118,20600,12813,3209,0,0,0,0,0,0,0,0,44,12,0,0,0,0,0,0,0,0,0,37857
2019-01,Washington,18889,53,17487,10889,3622,863,7,15,8,4,1148,834,26,563,125,13,0,0,776,622,85,15,5,2,56051
2019-01,West Virginia,2438,0,5355,4964,379,382,4,8,9,0,917,829,1,10,0,0,0,0,15,9,0,0,0,0,15320
2019-01,Wisconsin,11124,300,12204,9154,1310,43,0,0,0,9,112,149,6,97,30,3,0,0,0,4,0,0,0,0,34545
2019-01,Wyoming,357,11,1530,1621,175,99,2,0,4,0,112,153,3,0,0,0,0,0,3,4,1,0,0,0,4075